{
  "model_name": "CNN_05_Deeper_GAP_Augmentation",
  "training_time_seconds": 118.50857901573181,
  "epochs_ran": 50,
  "Conv2D": 7,
  "Dense": 3,
  "MaxPooling2D": 4,
  "Dropout": 1,
  "BatchNormalization": 0,
  "Flatten": 0,
  "GlobalAveragePooling2D": 1,
  "hidden_fc_layers": 2,
  "total_params": 780714,
  "test_loss": 2.232982873916626,
  "test_accuracy_keras": 0.16428571939468384,
  "test_accuracy_sklearn": 0.16428571428571428,
  "macro_f1": 0.09607864357864357,
  "weighted_f1": 0.1126129845877745
}