{
  "model_name": "CNN_09_GlobalMaxPool_Gray",
  "training_time_seconds": 84.73474502563477,
  "epochs_ran": 43,
  "Conv2D": 7,
  "Dense": 3,
  "MaxPooling2D": 4,
  "Dropout": 2,
  "BatchNormalization": 0,
  "Flatten": 0,
  "GlobalAveragePooling2D": 0,
  "hidden_fc_layers": 2,
  "total_params": 780714,
  "test_loss": 2.2286465167999268,
  "test_accuracy_keras": 0.16428571939468384,
  "test_accuracy_sklearn": 0.16428571428571428,
  "macro_f1": 0.11074912016088487,
  "weighted_f1": 0.11837319543201898
}